Name,x,y,z,pitch,yaw,roll
home,158.0800018310547,27.18000030517578,0.29999998211860657,0.0,-90.00029754638672,0.0
teste,364.699951171875,330.53997802734375,0.29999998211860657,0.0,-9.1552734375e-05,0.0
