Name,x,y,z,pitch,yaw,roll
home,35.23812484741211,-29.999629974365234,0.29999998211860657,0.0,-88.46794891357422,0.0
work,35.23812484741211,-29.999629974365234,0.29999998211860657,0.0,-88.46794891357422,0.0
school,-95.2666015625,-95.0374984741211,0.29999998211860657,0.0,-179.9136962890625,0.0
gym,-188.055908203125,55.28981018066406,0.5999999642372131,0.0,-90.01580810546875,0.0
bar,-130.66696166992188,118.4532470703125,0.29999998211860657,0.0,89.48860168457031,0.0
theater,58.182586669921875,187.85682678222656,0.29999998211860657,0.0,-179.71951293945312,0.0
cafe,43.82861328125,95.54215240478516,0.29999998211860657,0.0,-0.41619873046875,0.0
university,-120.9802017211914,27.29313850402832,0.29999998211860657,0.0,-90.51138305664062,0.0
restaurant,-184.579833984375,-31.77149772644043,0.5999999642372131,0.0,-90.01580810546875,0.0
