Name,x,y,z
supermarket,88.13700866699219,77.93560028076172,0.29999998211860657
work,142.3605499267578,198.75999450683594,0.29999998211860657
school,88.61997985839844,299.9212951660156,0.29999998211860657
library,334.8299865722656,226.65386962890625,0.29999998211860657
cafe,176.58949279785156,129.74913024902344,0.29999998211860657
home,153.75999450683594,28.899999618530273,0.29999998211860657
gym,256.55120849609375,2.0201635360717773,0.29999998211860657
